{
  "dataset": "C:\\Users\\itsle\\OneDrive\\Documents\\Projects\\AI_CW2\\data\\extracted_features\\hand_landmarks_sanitised.csv",
  "n_samples": 3564,
  "n_features": 63,
  "k": 10,
  "kmeans": {
    "silhouette": 0.18566092740914755,
    "ARI": 0.2863892124683376,
    "NMI": 0.45070394195125985
  },
  "hierarchical": {
    "silhouette": 0.1683471070436934,
    "ARI": 0.3059538970759782,
    "NMI": 0.49646347811377467
  }
}